code,kind,type,name,level,folders,title,dlc,qname,tier,period,why,markers,order,source,note,rows,input,lock,switch,fight,escort,teleport,video,fasttravel,skiptime,bed,forced,scene,surrender
M01,main,,prepadeni,trosecko,,Easy Riders,,qname_prepadeni_KsSs,mixed,M01,"the opening: Easy Riders, Fortuna and Laboratores",,2,online+data,"locked ride with Hans, free camp, locked stealth escape and bandit duel (guide); census: invisible walls module, escort/follow x3",26,5,4,0,2,3,0,0,0,0,0,4,9,0
M02,main,,zachrana,trosecko,,Fortuna,,qname_zachrana_FbKt,mixed,M01,"the opening: Easy Riders, Fortuna and Laboratores",,3,online+data,"herbwoman hut locked, meadow free, scripted alchemy, soldiers; census: 5 videos",35,6,7,0,1,1,0,5,0,0,1,6,7,0
M03,main,,socky,trosecko,,Laboratores,,qname_socky_CpmD,mixed,M01,"the opening: Easy Riders, Fortuna and Laboratores",,4,online+data,"tavern locked (module ""Henry cannot leave the pub""), sack task free, forced fight, stocks; ~20 min",20,0,0,0,1,0,0,1,0,0,0,7,6,0
M05,main,,svatba,trosecko,,Wedding Crashers,,qname_svatba_avPn,mixed,M05,the wedding in Semine and Trosky castle,,5,online+data,"free entry quests, then locked at the wedding (phases 1-3), mixed, locked brawl; hub with many side quests; module hibernovana_cast = the staged part",161,21,129,2,4,0,0,0,0,0,1,26,25,3
M06,main,,naTroskach,trosecko,,For Whom the Bell Tolls,,qname_natroskach_XXwa,mixed,M05,the wedding in Semine and Trosky castle,,6,online+data,"cell locked, hauling and crafting free, chamberlain sequences semi-locked; Trosky castle",36,3,28,0,0,1,2,0,0,1,0,9,4,0
M07,main,,nebakovPruzkum,trosecko,,Back in the Saddle,,qname_nebakovpruzkum_UT4P,open,,,,7,online,"mostly free: ride to Nebakov, herbs, return; only the duel and one scene are locked (scene notice covers those)",90,14,59,0,1,4,4,0,2,3,0,27,11,2
M08,main,,mucirna,trosecko,,Necessary Evil,,qname_semin_u4hm,rails,M08,the raid on Semine,,8,online+data,"torture chamber, forced ride with soldiers, Semine estate battle, tower, return: every phase locked; ~20-25 min; the first point of no return for side content is here",58,4,29,0,3,8,5,0,1,0,0,13,7,4
M09,main,,utokNaNebakov,trosecko,,For Victory!,,qname_utoknanebakov_rrcD,mixed,M09,"the Nebakov campaign: For Victory!, Divine Messenger, The Finger of God and Storm",,9,online+data,"free feast at the castle, then locked ride, ambush and captain duel; opens the area lock (four quests before Trosky is open again)",79,6,56,0,14,1,10,1,0,1,1,22,7,2
M10,main,,bohutovaVlozka,trosecko,,Divine Messenger,,qname_bohutovavlozka_dQz4,mixed,M09,"the Nebakov campaign: For Victory!, Divine Messenger, The Finger of God and Storm",,10,online+data,"played as Godwin: free investigation and travel, then locked ravine battle, castle defence and flashback; 45-60 min; census: 3 player switches",46,2,25,3,3,1,4,0,0,0,0,11,8,4
M11,main,,nebakovObrana,trosecko,,The Finger of God,,qname_nebakovobrana_MoeN,mixed,M09,"the Nebakov campaign: For Victory!, Divine Messenger, The Finger of God and Storm",,11,online+data,"locked burial/training, open camp tasks, locked siege defence; 45-60 min",71,9,50,0,1,0,0,1,0,1,0,24,13,3
M12,main,,vezniNaTroskach,trosecko,,Storm,,qname_vezninatroskach_Hvdh,rails,M09,"the Nebakov campaign: For Victory!, Divine Messenger, The Finger of God and Storm",,12,online+data,"torture, castle escape, forest stealth, wagon escape: linear-locked; 45-60 min; ends in the move to Kuttenberg (a level change)",33,6,11,0,1,0,4,0,0,0,0,5,15,2
M30,main,,posledniPomazani,kutnohorsko,,Last Rites,,qname_poslednipomazani_1DR8,rails,M30,"the prologue, played as Godwin",,1,online+data,"Godwin on the castle walls: crossbow, courtyard defence, ladder push, extended cutscene; ~20 min, no free roaming or fast travel (guide); census: 2 player switches, 3 videos",46,2,1,2,3,1,0,3,0,0,0,0,1,0
M31,main,,prijezdNaSuchdol,kutnohorsko,,The Sword and the Quill,,qname_prijezdnasuchdol_9JtJ,open,,,,13,online,arrival at Suchdol: free exploration; only the sleep and the audience are locked (short),32,8,16,0,1,0,2,1,0,2,0,6,8,1
M32,main,,sedmStatecnych,kutnohorsko,,Speak of the Devil,,qname_sedmstatecnych_DYbD,mixed,M32,the Dry Devil's rescue: Speak of the Devil,,14,online+data,"one of the two Dry Devil jobs: fast travel to the Devil's Den, locked weapons search following Kubyenka, locked ambush on the soldiers carrying the Dry Devil; 20-25 min",43,5,25,0,5,2,5,0,1,0,0,12,7,3
M33,main,,hledaniLichtenstejna,kutnohorsko,,Into the Underworld,,qname_hledanilichtenstejna_hKxZ,mixed,M33,Into the Underworld,,16,online+data,"open taverns, locked street ambush, open recruit, locked house infiltration timed to 5 AM; 45-60 min",60,7,43,0,4,0,1,0,0,3,1,7,9,2
M34,main,,kralovskeStribro,kutnohorsko,,Via Argentum,,qname_kralovskestribro_7v7P,mixed,M34,Via Argentum,,17,online+data,"locked palace scene, open-hub investigation, locked Grund/stables/mint sequences; 2-3 h",58,2,53,0,10,0,0,0,0,0,0,7,3,2
M35,main,,zachranaPtacka,kutnohorsko,,Taking French Leave,,qname_zachranaptacka_n8av,mixed,M35,Taking French Leave,,18,online+data,"locked palace, open travel and excavation, locked tunnel, stealth infiltration, locked rescue; 45-60 min",55,2,29,0,1,2,6,0,0,1,0,15,5,1
M37a,main,,setkaniVRatbori1,kutnohorsko,,The King's Gambit,,qname_setkanivratbori1_K25r,mixed,M37a,the council at Raborsch: The King's Gambit and The Feast,,19,online+data,"free errands, then a locked council-serving sequence (10-15 min), hub, final council; switches Henry/Godwin; census: 2 player switches",77,3,52,2,1,0,7,0,0,1,0,28,9,1
M37b,main,,setkaniVRatbori2,kutnohorsko,,The Feast,,qname_setkanivratbori2_tfdZ,rails,M37a,the council at Raborsch: The King's Gambit and The Feast,,20,online+data,"locked cellar errand, locked courtyard battle as Godwin, then as Henry; cannot leave the area; 15-20 min",39,4,19,2,4,1,4,0,0,2,0,8,5,2
M38,main,,sedmStatecnych2,kutnohorsko,,The Devil's Pack,,qname_sedmstatecnych2_rCO8,open,,,,15,online,The Devil's Pack is an OPEN HUB (recruit the gang in any order across the Kuttenberg region; 49 side quests branch from it); only the Adder rescue is timed,83,7,60,0,7,1,0,0,2,0,1,13,10,7
M42,main,,pogrom,kutnohorsko,,Exodus,,qname_pogrom_V0SX,rails,M42,the burning of the Jewish quarter,,21,online+data,"wagon ride free, then locked from the tunnel entrance: inn combat, escort, synagogue onslaught; no exploration; 15-20 min",50,1,26,0,12,11,1,0,2,0,0,7,3,7
M44a,main,,zikmunduvTabor,kutnohorsko,,The Lion's Den,,qname_zikmunduvtabor_9B7m,mixed,M44a,Sigismund's camp: The Lion's Den,,22,online+data,"locked enlistment, free investigation (murder, mill, tents), locked trial and cannon battle; 2-3 h; census: barrier around the HQ, timed investigation",94,8,71,0,6,1,3,0,1,2,0,17,9,5
M44b,main,,utokNaMalesov,kutnohorsko,,Dancing with the Devil,,qname_utok_na_malesov_iXWs,rails,M44b,the Dry Devil's assault on Malesov: Dancing with the Devil,,23,online+data,"the second Dry Devil job: mission-locked village assault and castle infiltration, with the duel against the Dry Devil as the choice; stealth and combat",69,7,41,0,4,3,0,1,0,1,1,24,11,7
M45,main,,papezskyLegat,kutnohorsko,,Oratores,,qname_papezskylegat_qo0Q,rails,M45,the final act: from the cardinal's ambush to the end of the game,"dobyvani_ruthardky,ruthardka_daycycle",24,online+data,"open until the Ruthard Palace courtyard (the second point of no return): the open world is locked from then to the ending; lock marker = the quest's own ""taking Ruthardka"" modules",101,6,65,0,13,3,7,0,2,3,1,18,7,7
M46,main,,prepadeniVlasskehoDvora,kutnohorsko,,The Italian Job,,qname_prepadenivlasskehod_W145,rails,M45,the final act: from the cardinal's ambush to the end of the game,,25,online+data,"The Italian Job: locked, Godwin in the council (census: 6 player switches), brief exploration, locked cellar and final battle; inside the final act's world lock",107,5,67,6,13,4,2,0,0,0,1,35,21,6
M47,main,,erik,kutnohorsko,,Civitas Pragensis,,qname_erik_7Lat,rails,M45,the final act: from the cardinal's ambush to the end of the game,,26,online+data,"Civitas Pragensis: courtyard decision, optional duel with Erik, race back to Suchdol; inside the final act",31,1,21,0,1,0,0,0,0,0,0,5,8,1
M48a,main,,oblehaniSuchdole,kutnohorsko,,So it begins…,,qname_oblehanisuchdole_wFyO,rails,M45,the final act: from the cardinal's ambush to the end of the game,,27,online+data,"So it begins: wall defence, daytime preparation, night watch, courtyard; Suchdol",75,4,63,0,8,3,1,1,0,0,1,15,4,0
M48b,main,,rutinaAVypad,kutnohorsko,,Besieged,,qname_m48b__rutina_a_vypad_8WGu,rails,M45,the final act: from the cardinal's ambush to the end of the game,,28,online+data,Besieged: raid on the battlements; Suchdol,75,1,65,0,2,3,1,0,0,0,0,6,3,3
M48c,main,,hladAZmar,kutnohorsko,,Hunger and Despair,,qname_m48c__hlad_a_zmar_Q669,rails,M45,the final act: from the cardinal's ambush to the end of the game,,29,online+data,"Hunger and Despair: raid defence, evening; Suchdol",81,4,63,2,7,0,2,0,0,2,1,18,9,2
M49,main,,stealthMiseZaJindru,kutnohorsko,,Reckoning,,qname_stealthmisezajindru_rxeA,rails,M45,the final act: from the cardinal's ambush to the end of the game,,30,online+data,"Reckoning: stealth infiltration of the enemy camp, tavern, smokehouse, stables: locked, no fast travel",25,1,13,0,1,0,0,0,0,0,0,8,8,2
M50,main,,zoufalaObranaZaBohutu,kutnohorsko,,Last Rites,,qname_bitvazabohutu_TXoQ,rails,M45,the final act: from the cardinal's ambush to the end of the game,,31,online+data,"Last Rites (the finale): castle tower, courtyard battle, ladder push; linear-locked; 8-12 min",52,3,39,3,0,0,0,2,0,1,1,4,1,0
M51,main,,finale,kutnohorsko,,Judgement Day,,qname_finale_es8n,rails,M45,the final act: from the cardinal's ambush to the end of the game,,32,online+data,"Judgement Day: siege battle, gate, courtyard, camp, hill meeting; the ending",41,8,20,0,0,3,0,2,0,0,0,9,10,1
A03a,activity,Activity,jizdniLukostrelbaTrosecko,trosecko,strelecke_a_jizdni_zavody_na_konich/konske_zavody,Mounted archery,,qname_jizdnilukostrelbatr_eahd,mixed,A03a,mounted archery,,,online,a contest,4,0,4,0,0,0,0,0,0,0,0,1,0,0
A03b,activity,Racing,crossCountryTrosecko,trosecko,strelecke_a_jizdni_zavody_na_konich/konske_zavody,Horse races,,qname_crosscountrytrosecko_7ve9,mixed,A03b,the horse races,,,online,a race series,6,0,6,0,0,0,0,0,0,0,0,2,0,0
A04,activity,Activity,pytlakPtacek,trosecko,,Bird of Prey,,qname_pytlakptacek_AmZJ,open,,,,,online,open-world activity,39,4,24,0,1,0,0,0,2,0,0,4,4,1
A08,activity,Activity,fightClubPodsemin,trosecko,fight_clubs/podseminsky_fight_club,Melee at the Mill,,qname_a08_fight_club_pods_zfs2,rails,A08,a fight club bout (Melee at the Mill),,,online+data,fight club: a ring and a series of bouts,13,1,12,0,3,0,0,0,0,0,0,3,1,0
A09,activity,Activity,fightClubZelejov,trosecko,fight_clubs,"Wine, Women and Blood",,qname_a08_fight_club_zele_6zwX,rails,A09,"a fight club bout (Wine, Women and Blood)",,,online+data,fight club: a ring and a series of bouts,18,2,16,0,3,0,0,0,0,1,0,3,1,0
A10,activity,Activity,fightClubVelmistrTrosecka,trosecko,fight_clubs,The Best for Last,,qname_a08_fight_club_velm_cxBu,rails,A10,a fight club bout (The Best for Last),,,online+data,fight club: a ring and a series of bouts,5,1,4,0,0,0,0,0,0,1,0,2,0,0
A30,activity,Side,kutnohorskyTurnaj,kutnohorsko,,Kuttenberg Tournament,,qname_kutnohorskyturnaj_H1q0,rails,A30,the Kuttenberg tournament,,,online+data,a tournament bracket: locked in the lists for the series,36,3,22,0,3,0,8,0,0,0,0,2,4,1
A35,activity,Activity,fightClubMiskovice,kutnohorsko,fight_clubs,Enough!,,qname_fight_club_miskovice_cf88,rails,A35,a fight club bout (Enough!),,,online+data,fight club: a ring and a series of bouts,18,1,17,0,3,0,0,0,0,0,0,3,1,0
A36,activity,Activity,fightClubHorany,kutnohorsko,fight_clubs/fightClubHorany,Fight Dirty,,qname_fight_club_horany_Eyi6,rails,A36,a fight club bout (Fight Dirty),,,online+data,fight club: a ring and a series of bouts,16,1,13,0,3,0,2,0,0,0,0,3,1,0
A37,activity,Activity,fightClubKutnaHora,kutnohorsko,fight_clubs/fightClubKutnaHora,Teeth in the Bag,,qname_fight_club_kutna_ho_xNZH,rails,A37,a fight club bout (Teeth in the Bag),,,online+data,fight club: a ring and a series of bouts,18,1,15,0,4,0,2,0,0,0,0,5,1,0
A38,activity,Activity,fightClubVelmistrKutnohorska,kutnohorsko,fight_clubs,Nail in the Coffin,,qname_fight_club_velmistr_ohqS,rails,A38,a fight club bout (Nail in the Coffin),,,online+data,fight club: a ring and a series of bouts,3,0,3,0,1,0,0,0,0,0,0,1,0,0
A201,activity,Activity,nahodnaKovarskaZakazka,kutnohorsko,legacy_of_the_forge,Blacksmith's Commission,Legacy of the Forge,qname_nahodnazakazka_TiCT,open,,,,,online,open-world activity,38,0,35,0,0,0,3,0,0,0,0,13,0,0
A201a,activity,Activity,magdaleninaSekera,kutnohorsko,legacy_of_the_forge,Magdalena's Axe,Legacy of the Forge,qname_magdaleninasekera_9lyu,open,,,,,online,open-world activity,2,0,2,0,0,0,0,0,0,0,0,0,0,0
A201b,activity,Activity,zubar,kutnohorsko,legacy_of_the_forge/aktivity/A201_kovani,Blacksmith’s Commission,Legacy of the Forge,qname_zubar_PE2t,open,,,,,online,open-world activity,8,0,5,0,1,1,1,0,0,0,0,3,0,1
A201c,activity,Activity,ucednik,kutnohorsko,legacy_of_the_forge/aktivity/A201_kovani/ucednik,Blacksmith’s Commission,Legacy of the Forge,qname_ucednik_yfwu,open,,,,,online,open-world activity,3,0,3,0,0,0,0,0,0,0,0,3,0,0
A201d,activity,Activity,ucednik2,kutnohorsko,legacy_of_the_forge/aktivity/A201_kovani/ucednik,Blacksmith’s Commission,Legacy of the Forge,qname_ucednik_2_ZdV7,open,,,,,online,open-world activity,3,0,3,0,0,0,0,0,0,0,0,3,0,0
A201e,activity,Activity,prodejceReceptu1,kutnohorsko,legacy_of_the_forge/aktivity/A201_kovani/prodejce_receptu,Blacksmith’s Commission,Legacy of the Forge,qname_prodejcereceptu_WcOT,open,,,,,online,open-world activity,0,0,0,0,0,0,0,0,0,0,0,0,0,0
A201f,activity,Activity,prodejceReceptu2,kutnohorsko,legacy_of_the_forge/aktivity/A201_kovani/prodejce_receptu,Blacksmith’s Commission,Legacy of the Forge,qname_prodejcereceptu2_ld7T,open,,,,,online,open-world activity,0,0,0,0,0,0,0,0,0,0,0,0,0,0
A201g,activity,Activity,prodejceReceptu3,kutnohorsko,legacy_of_the_forge/aktivity/A201_kovani/prodejce_receptu,Blacksmith’s Commission,Legacy of the Forge,qname_prodejcereceptu3_nmKA,open,,,,,online,open-world activity,0,0,0,0,0,0,0,0,0,0,0,0,0,0
A201h,activity,Activity,prodejceReceptu4,kutnohorsko,legacy_of_the_forge/aktivity/A201_kovani/prodejce_receptu,Blacksmith’s Commission,Legacy of the Forge,qname_prodejcereceptu3_1_Achl,open,,,,,online,open-world activity,0,0,0,0,0,0,0,0,0,0,0,0,0,0
A201i,activity,Activity,zbrojnice,kutnohorsko,legacy_of_the_forge/aktivity/A201_kovani,Blacksmith’s Commission,Legacy of the Forge,qname_zbrojnice_Mhkl,open,,,,,online,open-world activity,9,0,5,0,0,0,4,0,0,0,0,0,0,0
A202,activity,Activity,random_duel,kutnohorsko,legacy_of_the_forge/aktivity/A202_duels,Friendly Bout,Legacy of the Forge,qname_nahodny_duely_LypV,rails,A202,a duel or tournament at the forge guild,,,online+data,DLC (Legacy of the Forge): duels and a tournament,7,0,3,0,1,0,2,0,0,0,0,1,0,1
A202a,activity,Activity,initial_duel,kutnohorsko,legacy_of_the_forge/aktivity/A202_duels,Friendly Bout,Legacy of the Forge,qname_initial_duel_Oh9W,rails,A202a,a duel or tournament at the forge guild,,,online+data,DLC (Legacy of the Forge): duels and a tournament,3,0,2,0,0,0,0,0,1,0,0,1,0,0
A202b,activity,Activity,tvrda_rana,kutnohorsko,legacy_of_the_forge/aktivity/A202_duels,Friendly Bout,Legacy of the Forge,qname_tvrda_rana_bU8O,rails,A202b,a duel or tournament at the forge guild,,,online+data,DLC (Legacy of the Forge): duels and a tournament,9,3,4,0,0,0,0,0,2,0,0,4,3,0
A202c,activity,Activity,trenink_se_straznim,kutnohorsko,legacy_of_the_forge/aktivity/A202_duels,Friendly Bout,Legacy of the Forge,qname_trenink_se_straznim_tvCJ,rails,A202c,a duel or tournament at the forge guild,,,online+data,DLC (Legacy of the Forge): duels and a tournament,10,0,7,0,3,0,1,0,1,0,0,1,0,1
A202d,activity,Activity,cerny_rytir,kutnohorsko,legacy_of_the_forge/aktivity/A202_duels,Friendly Bout,Legacy of the Forge,qname_cerny_rytir_MB7X,rails,A202d,a duel or tournament at the forge guild,,,online+data,DLC (Legacy of the Forge): duels and a tournament,4,0,3,0,0,0,0,0,1,0,0,2,0,0
A203,activity,Activity,ziskavaniZasilek,kutnohorsko,legacy_of_the_forge/aktivity/A203,In the Service of the Guild,Legacy of the Forge,qname_genericcamps_POCZ,open,,,,,online,open-world activity,4,0,2,0,0,0,2,0,0,0,0,0,0,0
A203a,activity,Activity,iniciacni_aktivita,kutnohorsko,legacy_of_the_forge,Klaus' Introduction,Legacy of the Forge,qname_iniciacni_aktivita_ScI1,open,,,,,online,open-world activity,5,0,3,0,0,0,0,0,0,0,0,1,0,0
A203b,activity,Activity,cernokneznik,kutnohorsko,legacy_of_the_forge/aktivity/A203,In the Service of the Guild  ,Legacy of the Forge,qname_cernokneznik_2Jpd,open,,,,,online,open-world activity,5,0,5,0,0,0,0,0,0,0,0,0,0,0
A203c,activity,Activity,mrtviNemluvi,kutnohorsko,legacy_of_the_forge/aktivity/A203,In the Service of the Guild  ,Legacy of the Forge,qname_mrtvi_nemluvi_YJY3,open,,,,,online,open-world activity,6,0,5,0,0,0,0,0,0,0,0,1,0,0
A203d,activity,Activity,posledniBereVse,kutnohorsko,legacy_of_the_forge/aktivity/A203,In the Service of the Guild,Legacy of the Forge,qname_posledni_bere_vse_93zS,open,,,,,online,open-world activity,9,0,7,0,4,0,1,0,1,0,0,1,0,0
A204,activity,Activity,archery,kutnohorsko,legacy_of_the_forge/aktivity/A204_archeryGroup,Kuttenberg Sharpshooters,Legacy of the Forge,qname_archery_9e20,mixed,A204,an archery contest,,,online,DLC: staged sequence (guide),5,0,3,0,0,0,0,0,2,0,0,2,0,0
A204a,activity,Activity,initialArchery,kutnohorsko,legacy_of_the_forge/aktivity/A204_archeryGroup,A Pleasant Pastime  ,Legacy of the Forge,qname_initialarchery_6ehE,open,,,,,online,open-world activity,5,0,4,0,0,0,0,0,1,0,0,2,0,0
A204b,activity,Activity,archeryBloodyTrail,kutnohorsko,legacy_of_the_forge/aktivity/A204_archeryGroup,The Sharpshooters of Kuttenberg,Legacy of the Forge,qname_archerybloodytrail_UjsO,mixed,A204b,an archery contest,,,online,DLC: staged sequence (guide),11,0,5,0,2,0,0,0,1,0,0,2,0,1
A204c,activity,Activity,archeryUnpleasantSurprise,kutnohorsko,legacy_of_the_forge/aktivity/A204_archeryGroup,Kuttenberg Sharpshooters,Legacy of the Forge,qname_archeryunpleasantsu_TqMn,open,,,,,online,open-world activity,5,0,3,0,0,0,0,0,1,0,0,3,0,1
A204d,activity,Activity,nobodyWantsArchery,kutnohorsko,legacy_of_the_forge/aktivity/A204_archeryGroup,Kuttenberg Sharpshooters,Legacy of the Forge,qname_nobodywantsarchery_EI4E,open,,,,,online,open-world activity,14,1,12,0,2,0,0,0,0,0,0,5,1,1
A205,activity,Activity,aktivita_kostky,kutnohorsko,legacy_of_the_forge/aktivity/kostky,The Master's Game,Legacy of the Forge,qname_aktivita_kostky_FjAw,mixed,A205,The Master's Game,,,online,DLC: staged sequence (guide),5,0,4,0,0,0,1,0,0,0,0,1,0,0
A205a,activity,Activity,mistrovska_hra,kutnohorsko,legacy_of_the_forge,The Master's Game,Legacy of the Forge,qname_mistrovska_hra_pwcq,mixed,A205a,The Master's Game,,,online,DLC: staged sequence (guide),3,0,3,0,0,0,0,0,0,0,0,1,0,0
A205b,activity,Activity,ziskej_odznacek,kutnohorsko,legacy_of_the_forge/aktivity/kostky,The Master's Game,Legacy of the Forge,qname_ziskej_odznacek_84Qh,open,,,,,online,open-world activity,3,0,3,0,0,0,0,0,0,0,0,0,0,0
A205c,activity,Activity,problemovej_parchant,kutnohorsko,legacy_of_the_forge/aktivity/kostky,The Master's Game,Legacy of the Forge,qname_problemovej_parchant_gUuv,open,,,,,online,open-world activity,7,0,5,0,2,0,0,0,0,0,0,2,0,2
A205d,activity,Activity,zase_alkohol,kutnohorsko,legacy_of_the_forge/aktivity/kostky,The Master's Game,Legacy of the Forge,qname_zase_alkohol_1yhs,open,,,,,online,open-world activity,6,0,4,0,0,0,1,0,0,0,0,3,0,0
A205e,activity,Activity,semiquestova_1,kutnohorsko,legacy_of_the_forge/aktivity/kostky,The Master's Game,Legacy of the Forge,qname_semiquestova_1_6FLK,open,,,,,online,open-world activity,2,0,2,0,0,0,0,0,0,0,0,1,0,0
A205f,activity,Activity,semiquestova_2,kutnohorsko,legacy_of_the_forge/aktivity/kostky,The Master's Game,Legacy of the Forge,qname_semiquestova_2_xhkm,open,,,,,online,open-world activity,2,0,2,0,0,0,0,0,0,0,0,1,0,0
A205g,activity,Activity,semiquestova_3,kutnohorsko,legacy_of_the_forge/aktivity/kostky,The Master's Game,Legacy of the Forge,qname_semiquestova_3_cCjM,open,,,,,online,open-world activity,2,0,2,0,0,0,0,0,0,0,0,1,0,0
A205h,activity,Activity,semiquestova_4,kutnohorsko,legacy_of_the_forge/aktivity/kostky,The Master's Game,Legacy of the Forge,qname_semiquestova_4_yp5x,open,,,,,online,open-world activity,2,0,2,0,0,0,0,0,0,0,0,1,0,0
A206,activity,Activity,donationstournament,kutnohorsko,legacy_of_the_forge/aktivity/A206_tournamentdonations,Herald of Kuttenberg  ,Legacy of the Forge,qname_donationstournament_qYxm,open,,,,,online,open-world activity,3,0,3,0,0,0,0,0,0,0,0,0,0,0
A206b,activity,Activity,blacksmith_waffenrock,kutnohorsko,legacy_of_the_forge,Forge Waffenrock,Legacy of the Forge,qname_blacksmith_waffenro_1t3v,open,,,,,online,open-world activity,3,1,2,0,0,0,0,0,0,1,0,1,0,0
A206c,activity,Activity,kh_tournament_in_blacksmith_waffenrock,kutnohorsko,legacy_of_the_forge,Knight of the Forge,Legacy of the Forge,qname_kh_tournament_in_bl_BycQ,rails,A206c,a duel or tournament at the forge guild,,,online+data,DLC (Legacy of the Forge): duels and a tournament,0,0,0,0,0,0,0,0,0,0,0,0,0,0
A207,activity,Activity,donations,kutnohorsko,legacy_of_the_forge/aktivity/A207_donation,Alms,Legacy of the Forge,qname_donations_J1Sw,open,,,,,online,open-world activity,1,0,1,0,0,0,0,0,0,0,0,0,0,0
A207a,activity,Activity,iniciacni_aktivita_donation,kutnohorsko,legacy_of_the_forge/aktivity/A207_donation,Fragile Delivery,Legacy of the Forge,qname_iniciacni_aktivita_3YDl,open,,,,,online,open-world activity,2,0,2,0,0,0,0,0,0,0,0,0,0,0
A207b,activity,Activity,bozi_muka,kutnohorsko,legacy_of_the_forge/aktivity/A207_donation,Alms,Legacy of the Forge,qname_bozi_muka_UGcy,open,,,,,online,open-world activity,1,0,1,0,0,0,0,0,0,0,0,0,0,0
A207c,activity,Activity,zvon_stara_kutna,kutnohorsko,legacy_of_the_forge/aktivity/A207_donation,Alms,Legacy of the Forge,qname_zvon_stara_kutna_RX1U,open,,,,,online,open-world activity,1,0,1,0,0,0,0,0,0,0,0,0,0,0
A207d,activity,Activity,generic_donations_cirkevni,kutnohorsko,legacy_of_the_forge/aktivity/A207_donation,Alms,Legacy of the Forge,qname_generic_donations_c_Qmd9,open,,,,,online,open-world activity,1,0,1,0,0,0,0,0,0,0,0,0,0,0
A209,activity,Activity,zlodejskeZakazky,kutnohorsko,legacy_of_the_forge/aktivity/A209,Sinners of Kuttenberg,Legacy of the Forge,qname_kradeni__genericke_u5wn,mixed,A209,a thieving contract,,,online,DLC: staged sequence (guide),3,0,2,0,0,0,1,0,0,0,0,0,0,0
A209a,activity,Activity,malirBezBudoucnosti,kutnohorsko,legacy_of_the_forge/aktivity/A209,Sculptor without a Future,Legacy of the Forge,qname_malirbezbudoucnosti_VEHp,open,,,,,online,open-world activity,9,0,9,0,0,0,0,0,0,0,0,3,0,0
A209b,activity,Activity,hrisniLide,kutnohorsko,legacy_of_the_forge/aktivity/A209,Sinners of Kuttenberg,Legacy of the Forge,qname_hrisnilide_eY7c,open,,,,,online,open-world activity,7,1,3,0,0,0,2,0,0,0,0,1,1,0
A209c,activity,Activity,baladaZHadru,kutnohorsko,legacy_of_the_forge/aktivity/A209,Sinners of Kuttenberg,Legacy of the Forge,qname_baladazhadru_oqIT,open,,,,,online,open-world activity,7,0,6,0,1,0,0,0,0,0,0,1,0,1
E31,event,Event,karelNaCeste,kutnohorsko,magicky_sip,Karel on the road,,qname_karelnaceste_r9IS,open,,,,,online,"open-world quest (guide: dialogue, fetch, hunt, rescue); its scripted scenes are covered by the cutscene notice",1,0,0,0,0,0,0,0,1,0,0,0,0,0
S00,side,Side,kovar,trosecko,,The Blacksmith's Son,,qname_kovar_NAlU,open,,,,,online,"open-world quest (guide: dialogue, fetch, hunt, rescue); its scripted scenes are covered by the cutscene notice",6,0,5,0,0,0,1,0,0,0,0,1,0,0
S01,side,Side,zbranePanaSemina,trosecko,,The Jaunt,,qname_zbranepanasemina_B7o0,mixed,S01,The Jaunt,,,data,"an escorted journey; census: 11 escort/follow, 20 teleports, 8 input locks",90,8,39,0,6,11,20,0,1,0,0,15,13,6
S02,side,Side,poustevnik,trosecko,,The Hermit,,qname_poustevnik_lDm7,open,,,,,online,"open-world quest (guide: dialogue, fetch, hunt, rescue); its scripted scenes are covered by the cutscene notice",42,3,39,0,4,0,0,0,0,0,0,5,3,0
S09,side,Side,mlynaruvUcen,trosecko,,Materia Prima,,qname_sq09__mlynaruv_ucen_r6e5,open,,,,,online,"open-world quest (guide: dialogue, fetch, hunt, rescue); its scripted scenes are covered by the cutscene notice",20,0,19,0,0,0,0,0,0,0,0,5,1,0
S10,side,Side,rasuvUcen,trosecko,,Forbidden Fruit,,qname_rasuvucen_2t2m,open,,,,,online,"open-world quest (guide: dialogue, fetch, hunt, rescue); its scripted scenes are covered by the cutscene notice",45,7,30,0,1,2,0,0,2,2,0,3,5,2
S11,side,Side,pracharna,trosecko,,Opus Magnum,,qname_pracharna_dSVD,open,,,,,online,"open-world quest (guide: dialogue, fetch, hunt, rescue); its scripted scenes are covered by the cutscene notice",45,3,38,0,0,0,1,0,1,2,0,5,2,0
S14,side,Side,hledaniPsa,trosecko,,Mutt,,qname_hledanipsa_e1do,open,,,,,online,"open-world quest (guide: dialogue, fetch, hunt, rescue); its scripted scenes are covered by the cutscene notice",15,0,0,0,2,1,0,0,0,1,0,1,3,0
S15,side,Side,korenarkaZachrana,trosecko,,Bad Blood,,qname_korenarkazachrana_PuVb,open,,,,,online,"open-world quest (guide: dialogue, fetch, hunt, rescue); its scripted scenes are covered by the cutscene notice",126,6,116,0,2,0,1,0,1,0,0,4,6,2
S16,side,Side,zranenyLovci,trosecko,,Lackey,,qname_zranenylovci_kHdY,open,,,,,online,"open-world quest (guide: dialogue, fetch, hunt, rescue); its scripted scenes are covered by the cutscene notice",35,2,30,0,1,0,1,0,2,0,0,18,2,0
S19,side,Side,kejkliri,trosecko,,Troubadours,,qname_kejkliri_wt8J,open,,,,,online,"open-world quest (guide: dialogue, fetch, hunt, rescue); its scripted scenes are covered by the cutscene notice",27,4,21,0,2,0,0,0,0,2,0,11,3,1
S21,side,Side,mysi1,trosecko,,Mice,,qname_mysi1_MvWo,mixed,S21,Mice,,,online,animal confrontation,24,0,23,0,1,0,0,0,0,0,0,1,0,0
S22,side,Side,zaby,trosecko,,Frogs,,qname_zaby_QpS5,mixed,S22,Frogs,,,online,animal confrontation,35,1,32,0,2,0,0,0,0,0,1,0,1,1
S23,side,Side,konecZabomysichValek,trosecko,,Battle of the Frogs and Mice,,qname_koneczabomysichvalek_BRee,mixed,S23,the Battle of the Frogs and Mice,,,online,a battle event,25,3,19,0,2,0,0,0,1,1,0,5,2,2
S25,side,Side,kocovnickaCest,trosecko,,Miri Fajta,,qname_cikanskacest_lflt,open,,,,,online,"open-world quest (guide: dialogue, fetch, hunt, rescue); its scripted scenes are covered by the cutscene notice",118,5,99,0,3,0,7,0,0,0,1,13,6,1
S26,side,Side,kumaniNaTrosecku,trosecko,,Invaders,,qname_kumani_fh1a,mixed,S26,Invaders,,,online,a combat encounter,65,1,49,0,2,4,2,0,1,0,1,12,1,3
S27,side,Side,combat_tutorial_pro_pokrocile,trosecko,,Combat Training I,,qname_combat_tutorial_pro_VbON,rails,S27,combat training,,,online+data,a staged training duel (arena barrier module in the data),10,2,8,0,0,0,0,0,0,0,0,5,2,0
S28,side,Side,masterstrike_tutorial,trosecko,,Combat Training II,,qname_masterstrike_tutori_IuaV,rails,S28,combat training,,,online+data,a staged training duel (arena barrier module in the data),16,0,15,0,2,0,0,0,0,0,0,7,0,1
S30,side,Side,drak,kutnohorsko,,Dragon's Lair,,qname_drak_Q0pa,mixed,S30,Dragon's Lair,,,online,a cave expedition; census: 8 fights,48,8,26,0,8,4,0,0,0,1,0,9,9,6
S31,side,Side,spizovaciOddil,kutnohorsko,,Spoils of War,,qname_spizovacioddil_rmpy,open,,,,,online,"open-world quest (guide: dialogue, fetch, hunt, rescue); its scripted scenes are covered by the cutscene notice",44,3,35,0,2,0,2,0,0,0,0,9,4,0
S32,side,Side,klasterniTajemstvi,kutnohorsko,,In Vino Veritas,,qname_klasternitajemstvi_V2oF,open,,,,,online,"open-world quest (guide: dialogue, fetch, hunt, rescue); its scripted scenes are covered by the cutscene notice",17,4,12,0,1,0,0,0,0,0,0,1,4,1
S33,side,Side,bratriZCimburka,kutnohorsko,,Bellatores,,qname_bratrizcimburka_Urle,open,,,,,online,"open-world quest (guide: dialogue, fetch, hunt, rescue); its scripted scenes are covered by the cutscene notice",28,3,17,0,2,1,0,0,0,1,0,9,4,5
S34,side,Side,hromovyKamen,kutnohorsko,,The Thunderstone,,qname_hromovykamen_KXD6,open,,,,,online,"open-world quest (guide: dialogue, fetch, hunt, rescue); its scripted scenes are covered by the cutscene notice",35,3,32,0,2,0,0,0,0,1,0,5,2,0
S35,side,Side,listovniTajemstvi,kutnohorsko,,Post Scriptum,,qname_listovnitajemstvi_XTWu,open,,,,,online,"open-world quest (guide: dialogue, fetch, hunt, rescue); its scripted scenes are covered by the cutscene notice",31,7,17,0,5,0,0,0,2,1,0,4,6,5
S36,side,Side,kubaParalu,kutnohorsko,,The Fifth Commandment,,qname_kubaparalu_wBQY,open,,,,,online,"open-world quest (guide: dialogue, fetch, hunt, rescue); its scripted scenes are covered by the cutscene notice",70,7,56,0,4,0,0,0,1,0,0,13,8,3
S37,side,Side,stareKosti,kutnohorsko,,Thou art but dust...,,qname_starekosti_MTL7,open,,,,,online,"open-world quest (guide: dialogue, fetch, hunt, rescue); its scripted scenes are covered by the cutscene notice",15,4,6,0,0,0,0,0,0,2,0,2,3,0
S39,side,Side,sermiri,kutnohorsko,,Ars Dimicatoria,,qname_sermiri_sfzq,mixed,S39,Ars Dimicatoria,,,online,staged training,68,7,53,0,2,1,0,0,3,2,0,14,8,1
S40,side,Side,tarasMura,kutnohorsko,,The Mouth of Hell,,qname_taras_mura_5FUf,open,,,,,online,"open-world quest (guide: dialogue, fetch, hunt, rescue); its scripted scenes are covered by the cutscene notice",33,3,17,0,5,0,0,0,1,0,1,5,8,4
S41,side,Side,budovaniLazni,kutnohorsko,,A Good Scrub,,qname_budovanilazni_cbSW,open,,,,,online,"open-world quest (guide: dialogue, fetch, hunt, rescue); its scripted scenes are covered by the cutscene notice",25,5,17,0,1,1,0,0,1,1,0,7,5,0
S42,side,Side,sabotazLazni,kutnohorsko,,Ill Repute,,qname_sabotazlazni_3k4Z,open,,,,,online,"open-world quest (guide: dialogue, fetch, hunt, rescue); its scripted scenes are covered by the cutscene notice",40,5,32,0,4,0,0,0,1,1,0,4,4,2
S43,side,Side,spravedlnost,kutnohorsko,spravedlnostHledaniSpravedlnosti,All's fair...,,qname_spravedlnost_caWh,open,,,,,online,"open-world quest (guide: dialogue, fetch, hunt, rescue); its scripted scenes are covered by the cutscene notice",29,2,24,0,0,0,1,0,0,2,0,0,0,0
S48,side,Side,magickySip,kutnohorsko,magicky_sip,The Magic Arrow,,qname_magickysip_NPW8,open,,,,,online,"open-world quest (guide: dialogue, fetch, hunt, rescue); its scripted scenes are covered by the cutscene notice",33,5,21,0,7,0,1,0,0,0,0,4,5,4
S49,side,Side,svatyAntonin,kutnohorsko,,Yackers 'n' Fash,,qname_svatyantonin_8Ams,mixed,S49,Yackers 'n' Fash,,,online,a heist,23,2,17,0,2,0,0,0,0,0,1,7,2,2
S50,side,Side,sesivaniTonici,kutnohorsko,,Striped Tonies,,qname_sesivanitonici_aSkR,mixed,S50,Striped Tonies,,,online,a theft/infiltration; census: 18 teleports,58,7,28,0,1,3,18,0,0,1,0,19,6,1
S51,side,Side,hostinaProChude,kutnohorsko,,Feast for the Poor,,qname_hostinaprochude_9szy,open,,,,,online,"open-world quest (guide: dialogue, fetch, hunt, rescue); its scripted scenes are covered by the cutscene notice",14,0,14,0,0,0,0,0,0,0,0,0,0,0
S54,side,Side,traskave_poselstvi,kutnohorsko,,The Spark,,qname_traskave_poselstvi_Rq9s,mixed,S54,The Spark,,,online,"a staged sequence; census: 9 fights, 9 input locks",51,9,31,0,9,3,0,0,2,3,0,6,6,6
S55,side,Side,zakopanyZitrek,kutnohorsko,,The Heirloom,,qname_zakopanyzitrek_6Cfi,open,,,,,online,"open-world quest (guide: dialogue, fetch, hunt, rescue); its scripted scenes are covered by the cutscene notice",63,2,50,0,5,0,0,0,0,0,0,17,2,5
S56,side,Side,dvojityAgent,kutnohorsko,,Ransom,,qname_dvojityagent_UgvG,mixed,S56,Ransom,,,data,a ransom exchange; census: 18 teleports,66,2,38,0,2,0,18,0,2,0,0,4,3,3
S57,side,Side,ztracenaCest,kutnohorsko,,Lost Honour,,qname_ztracenacest_CtMW,mixed,S57,Lost Honour,,,online,a duel,24,1,17,0,2,0,3,0,1,0,0,3,1,2
S58,side,Side,damaVNesnazich,kutnohorsko,,Victimised,,qname_damavnesnazich_kcQn,open,,,,,online,"open-world quest (guide: dialogue, fetch, hunt, rescue); its scripted scenes are covered by the cutscene notice",30,5,13,0,1,2,8,0,0,3,1,5,2,1
S59,side,Side,viktorka,kutnohorsko,,"Hush, My Darling...",,qname_viktorka_2ulF,open,,,,,online,"open-world quest (guide: dialogue, fetch, hunt, rescue); its scripted scenes are covered by the cutscene notice",37,2,33,0,1,0,0,0,0,1,0,4,1,1
S60,side,Micro,staryMistr,kutnohorsko,,The Thieves' Code,,qname_starymistr_lGTD,mixed,S60,The Thieves' Code,,,online,a theft/infiltration,10,1,8,0,0,0,0,0,0,0,0,0,1,0
S61,side,Side,masterstrike_tutorial_kh,kutnohorsko,,Combat Training II,,qname_masterstrike_tutori_bUau,rails,S61,combat training,,,online+data,a staged training duel (arena barrier module in the data),12,0,12,0,0,0,0,0,0,0,0,6,0,0
S101,side,Side,malir,trosecko,brushes_with_death_trosecko,A Sketchy Situation,Brushes with Death,qname_malir_m3xY,open,,,,,online,"open-world quest (guide: dialogue, fetch, hunt, rescue); its scripted scenes are covered by the cutscene notice",11,0,8,0,1,0,2,0,0,0,0,4,1,0
S102,side,Side,svatyne,trosecko,brushes_with_death_trosecko,Source of Inspiration,Brushes with Death,qname_svatyne_PqiY,open,,,,,online,"open-world quest (guide: dialogue, fetch, hunt, rescue); its scripted scenes are covered by the cutscene notice",15,1,10,0,0,0,1,0,0,0,0,2,2,1
S103,side,Side,vrah,trosecko,brushes_with_death_trosecko,Portrait in Red,Brushes with Death,qname_vrah_OqfN,mixed,S103,Portrait in Red,,,online,DLC: staged sequence (guide),13,1,10,0,3,0,0,0,0,0,0,1,1,1
S104,side,Side,bazilisci_vejce,trosecko,brushes_with_death_trosecko,Chiaroscuro,Brushes with Death,qname_bazilisci_vejce_ceEG,open,,,,,online,"open-world quest (guide: dialogue, fetch, hunt, rescue); its scripted scenes are covered by the cutscene notice",13,1,9,0,2,0,0,0,0,0,0,0,1,0
S131,side,Side,strasidlo,kutnohorsko,brushes_with_death_kutnohorsko,The Night-Mare,Brushes with Death,qname_strasidlo_QfNf,open,,,,,online,"open-world quest (guide: dialogue, fetch, hunt, rescue); its scripted scenes are covered by the cutscene notice",27,5,17,0,1,0,2,0,0,0,0,7,5,1
S132,side,Side,malovanoJest,kutnohorsko,brushes_with_death_kutnohorsko,Stained Honour,Brushes with Death,qname_malovano_jest_L8VP,open,,,,,online,"open-world quest (guide: dialogue, fetch, hunt, rescue); its scripted scenes are covered by the cutscene notice",16,3,10,0,1,0,0,0,0,0,0,2,3,1
S133,side,Side,maliruvLek,kutnohorsko,brushes_with_death_kutnohorsko,Root of Evil,Brushes with Death,qname_maliruvlek_W4k5,open,,,,,online,"open-world quest (guide: dialogue, fetch, hunt, rescue); its scripted scenes are covered by the cutscene notice",17,2,11,0,1,0,0,0,0,1,0,2,1,1
S138,side,Side,truhlari,kutnohorsko,brushes_with_death_kutnohorsko,Unveiling,Brushes with Death,qname_truhlari_djhU,mixed,S138,Unveiling,,,online,DLC: staged sequence (guide),21,0,13,0,1,0,0,0,0,0,0,2,1,2
S140,side,Side,pomatenec,kutnohorsko,brushes_with_death_kutnohorsko,Man Proposes,Brushes with Death,qname_pomatenec_ZjKI,open,,,,,online,"open-world quest (guide: dialogue, fetch, hunt, rescue); its scripted scenes are covered by the cutscene notice",18,0,17,0,1,0,0,0,0,0,0,11,0,1
S141,side,Side,hrob,kutnohorsko,brushes_with_death_kutnohorsko,God Disposes,Brushes with Death,qname_hrob_uSRI,mixed,S141,God Disposes,,,online,DLC: staged sequence (guide),12,0,9,0,0,0,0,0,0,0,0,5,0,0
S201,side,Side,uchazec,kutnohorsko,legacy_of_the_forge,Adept,Legacy of the Forge,qname_uchazec_02s7,open,,,,,online,"open-world quest (guide: dialogue, fetch, hunt, rescue); its scripted scenes are covered by the cutscene notice",30,5,19,0,0,1,0,0,0,1,0,11,5,0
S301,side,Side,navstevaLekare,kutnohorsko,,The Royal Physician,Mysteries of the Monastery,qname_navsteva_lekare_sxxH,open,,,,,online,"open-world quest (guide: dialogue, fetch, hunt, rescue); its scripted scenes are covered by the cutscene notice",26,1,22,0,1,0,1,0,0,0,0,13,1,1
S302,side,Side,puvodNemoci,klaster,klaster_hibernate_mode,Anamnesis,Mysteries of the Monastery,qname_puvodnemoci_FjVD,open,,,,,online,"open-world quest (guide: dialogue, fetch, hunt, rescue); its scripted scenes are covered by the cutscene notice",38,1,33,0,1,1,0,0,0,0,0,7,3,0
S303,side,Side,nakaza,klaster,klaster_hibernate_mode,Silent Witnesses,Mysteries of the Monastery,qname_nakaza_yTmA,open,,,,,online,"open-world quest (guide: dialogue, fetch, hunt, rescue); its scripted scenes are covered by the cutscene notice",22,1,16,0,3,0,1,0,0,1,0,3,0,1
S304,side,Side,nalezeniDelnici,klaster,klaster_hibernate_mode,To Dust you Shan't Return,Mysteries of the Monastery,qname_nalezeni_delnici_S1Qj,open,,,,,online,"open-world quest (guide: dialogue, fetch, hunt, rescue); its scripted scenes are covered by the cutscene notice",29,1,19,0,1,0,0,0,0,0,0,6,4,1
S305,side,Side,artefakt,klaster,klaster_hibernate_mode,Seek and you Shall Find,Mysteries of the Monastery,qname_artefakt_l8C1,mixed,S305,Seek and you Shall Find,,,online,DLC: staged sequence (guide),27,2,15,0,1,0,1,0,0,0,0,4,3,1
S306,side,Side,predaniVChramu,klaster,klaster_hibernate_mode,The Time has Come,Mysteries of the Monastery,qname_predanivchramu_CiLb,mixed,S306,The Time has Come,,,online,DLC: staged sequence (guide),42,5,25,0,5,0,1,0,0,0,0,9,11,1
U01,task,Micro,certiNaTroskach,trosecko,,Demons of Trosky,,qname_certinatroskach_6Ylf,mixed,U01,Demons of Trosky,,,online,a dungeon investigation in Trosky castle,18,0,17,0,1,0,0,0,0,0,0,0,0,1
U02,task,Micro,poustevnik_a_vdova,trosecko,,A Sinful Soul,,qname_poustevnik_a_vdova_ssMA,open,,,,,online,"open-world quest (guide: dialogue, fetch, hunt, rescue); its scripted scenes are covered by the cutscene notice",10,2,7,0,0,0,0,0,1,0,0,2,2,0
U03,task,Micro,hadkaKonaru,trosecko,strelecke_a_jizdni_zavody_na_konich,Horses for Courses,,qname_hadkakonaru_ZNx4,mixed,U03,Horses for Courses,,,online,a race series,12,2,8,0,0,0,0,0,0,0,0,6,2,0
U04,task,Micro,zavodniPodkovy,trosecko,,Magic horseshoes,a DLC,qname_zavodnipodkovy_mT3F,open,,,,,online,"open-world quest (guide: dialogue, fetch, hunt, rescue); its scripted scenes are covered by the cutscene notice",6,0,6,0,0,0,0,0,0,0,0,0,0,0
U05,task,Micro,vajdovaKletba,trosecko,,The Voivode's Curse,,qname_vajdovakletba_3pxi,open,,,,,online,"open-world quest (guide: dialogue, fetch, hunt, rescue); its scripted scenes are covered by the cutscene notice",3,0,3,0,0,0,0,0,0,0,0,0,0,0
U06,task,Micro,poklad,trosecko,,The Axe from the Lake,,qname_u06__poklad_dJr1,open,,,,,online,"open-world quest (guide: dialogue, fetch, hunt, rescue); its scripted scenes are covered by the cutscene notice",4,0,3,0,0,0,0,0,0,0,0,0,0,0
U07a,task,Micro,plesnivec,trosecko,,Canker,,qname_plesnivec_NoxQ,open,,,,,online,"open-world quest (guide: dialogue, fetch, hunt, rescue); its scripted scenes are covered by the cutscene notice",14,0,10,0,4,0,0,0,1,0,0,0,0,3
U07b,task,Micro,hezounKarlik,trosecko,,Handsome Charlie,,qname_hezounkarlik_k5K0,open,,,,,online,"open-world quest (guide: dialogue, fetch, hunt, rescue); its scripted scenes are covered by the cutscene notice",11,1,8,0,2,0,0,0,0,0,0,1,1,2
U07c,task,Micro,janTlama,trosecko,,Johnny the Gob,,qname_jantlama_3l7B,open,,,,,online,"open-world quest (guide: dialogue, fetch, hunt, rescue); its scripted scenes are covered by the cutscene notice",7,0,5,0,1,0,0,0,0,0,0,0,0,2
U07d,task,Micro,kaspar,trosecko,,Casper,,qname_kaspar_gOBd,open,,,,,online,"open-world quest (guide: dialogue, fetch, hunt, rescue); its scripted scenes are covered by the cutscene notice",6,0,5,0,2,0,0,0,0,0,0,0,0,1
U08a,task,Micro,pasacek_zibrid,trosecko,a06_lov_vlku,Sheep among Wolves,,qname_pasacek_zibrid_Hjak,open,,,,,online,"open-world quest (guide: dialogue, fetch, hunt, rescue); its scripted scenes are covered by the cutscene notice",5,0,4,0,0,0,0,0,0,0,0,0,0,1
U08b,task,Micro,pasacek_smolik,trosecko,a06_lov_vlku,The Lost Sheep,,qname_pasacek_smolik_6UQc,open,,,,,online,"open-world quest (guide: dialogue, fetch, hunt, rescue); its scripted scenes are covered by the cutscene notice",3,0,2,0,0,0,0,0,0,0,0,0,0,0
U08c,task,Micro,pasacek_safarik,trosecko,a06_lov_vlku,Carrot on a Stick,,qname_pasacek_safarik_dzFB,open,,,,,online,"open-world quest (guide: dialogue, fetch, hunt, rescue); its scripted scenes are covered by the cutscene notice",3,0,2,0,0,0,0,0,0,0,0,0,0,0
U08d,task,Micro,pasacek_nechuta,trosecko,a06_lov_vlku,Hunting the Werewolf,,qname_pasacek_nechuta_PZHO,mixed,U08d,Hunting the Werewolf,,,online,a hunt,7,0,4,0,1,0,0,0,0,0,0,0,0,1
U29,task,Micro,bruncvikovaZbroj,trosecko,preorder_bonus,The Lion's Crest,preorder bonus,qname_bruncvikova_zbroj_1zXH,open,,,,,online,"open-world quest (guide: dialogue, fetch, hunt, rescue); its scripted scenes are covered by the cutscene notice",1,0,1,0,0,0,0,0,0,0,0,0,0,0
U31,task,Micro,hledaniSpravedlnosti,kutnohorsko,spravedlnostHledaniSpravedlnosti,Seeking Justice,,qname_hledanispravedlnosti_0pH4,open,,,,,online,"open-world quest (guide: dialogue, fetch, hunt, rescue); its scripted scenes are covered by the cutscene notice",12,0,12,0,0,0,0,0,0,0,0,0,0,0
U32,task,Micro,leceniSuchdol,kutnohorsko,,Primum Nil Nocere,,qname_lecenipecky_SrQQ,open,,,,,online,"open-world quest (guide: dialogue, fetch, hunt, rescue); its scripted scenes are covered by the cutscene notice",18,2,16,0,0,0,0,0,0,0,0,2,2,0
U33,task,Micro,karelNesePytel,kutnohorsko,magicky_sip,Arrow-head,,qname_karelnesepytel_XF99,open,,,,,online,"open-world quest (guide: dialogue, fetch, hunt, rescue); its scripted scenes are covered by the cutscene notice",2,0,2,0,0,0,0,0,0,0,0,0,0,0
U34,task,Micro,sMlynariNejsouZerty,kutnohorsko,,Damsel in Distress,,qname_smlynarinejsouzerty_7f3s,open,,,,,online,"open-world quest (guide: dialogue, fetch, hunt, rescue); its scripted scenes are covered by the cutscene notice",6,0,5,0,1,0,1,0,0,0,0,2,0,0
U35,task,Micro,ukradenyKun,kutnohorsko,,Attila,,qname_ukradenykun_oxh2,open,,,,,online,"open-world quest (guide: dialogue, fetch, hunt, rescue); its scripted scenes are covered by the cutscene notice",7,1,3,0,0,0,2,0,0,0,0,1,1,0
U36,task,Micro,relikviarProCimburky,kutnohorsko,,Skeleton in the Closet,,qname_relikviarprocimburky_HQu0,mixed,U36,Skeleton in the Closet,,,online,an exploration/combat sequence in the ruins,22,0,13,0,3,2,3,0,1,0,0,1,0,3
U38,task,Micro,lovNaBanditu,kutnohorsko,,The Collector,,qname_lovnabanditu_IsjJ,open,,,,,online,"open-world quest (guide: dialogue, fetch, hunt, rescue); its scripted scenes are covered by the cutscene notice",5,0,5,0,0,0,0,0,0,0,0,0,0,0
U39,task,Micro,kovarskaSoutez,kutnohorsko,kovarske_mikroquesty,Hammer and Tongs,,qname_kovarskasoutez_jfKz,open,,,,,online,"open-world quest (guide: dialogue, fetch, hunt, rescue); its scripted scenes are covered by the cutscene notice",10,0,9,0,1,0,0,0,0,0,0,1,0,1
U40,task,Micro,katuvSleh,kutnohorsko,kovarske_mikroquesty,The Executioner's Pride,Legacy of the Forge,qname_katuvsleh_ARuP,mixed,U40,The Executioner's Pride,,,online,DLC: staged sequence (guide),11,2,6,0,0,0,0,0,0,1,0,3,1,1
U41,task,Micro,asiDoVezi,kutnohorsko,kovarske_mikroquesty,Warding Off Evil,,qname_asidovezi_bC0k,open,,,,,online,"open-world quest (guide: dialogue, fetch, hunt, rescue); its scripted scenes are covered by the cutscene notice",3,0,3,0,0,0,0,0,0,0,0,0,0,0
U43,task,Micro,symbolSermirny,kutnohorsko,kovarske_mikroquesty,Mark of the Brotherhood,,qname_symbolsermirny_wTgu,open,,,,,online,"open-world quest (guide: dialogue, fetch, hunt, rescue); its scripted scenes are covered by the cutscene notice",14,2,9,0,2,0,0,0,0,0,0,0,2,3
U44,task,Micro,kopie,kutnohorsko,kovarske_mikroquesty,Absolver,,qname_kopie_ah8f,open,,,,,online,"open-world quest (guide: dialogue, fetch, hunt, rescue); its scripted scenes are covered by the cutscene notice",18,0,15,0,4,0,0,0,1,0,0,1,0,2
U45,task,Micro,relikvie,kutnohorsko,,The Reliquary,,qname_relikvie_UzVJ,open,,,,,online,"open-world quest (guide: dialogue, fetch, hunt, rescue); its scripted scenes are covered by the cutscene notice",7,1,4,0,1,0,0,0,0,0,0,0,1,1
U46,task,Micro,taborOdboje,kutnohorsko,,The Peasants' Revolt,,qname_tabor_odboje_nvQ7,open,,,,,online,"open-world quest (guide: dialogue, fetch, hunt, rescue); its scripted scenes are covered by the cutscene notice",8,1,7,0,1,0,0,0,0,1,0,1,0,0
U47,task,Micro,poPytlackeStezce,kutnohorsko,,The White Roebuck,,qname_po_pytlacke_stezce_g2sR,mixed,U47,the White Roebuck,,,online,a hunt,9,0,8,0,0,0,0,0,0,0,0,1,0,0
U48,task,Micro,taborCertovka,kutnohorsko,,Something rotten...,,qname_taborcertovka_EkCT,open,,,,,online,"open-world quest (guide: dialogue, fetch, hunt, rescue); its scripted scenes are covered by the cutscene notice",4,0,4,0,0,0,0,0,0,0,0,0,0,0
U49,task,Micro,mapaKPokladu,kutnohorsko,,X Marks the Spot,,qname_mapakpokladu_FrSg,open,,,,,online,"open-world quest (guide: dialogue, fetch, hunt, rescue); its scripted scenes are covered by the cutscene notice",7,0,5,0,1,0,0,0,0,0,0,0,0,2
U50,task,Micro,tragedieNaDanemarku,kutnohorsko,,Tragedy in Danemark,,qname_tragedienadanemarku_EUNY,open,,,,,online,"open-world quest (guide: dialogue, fetch, hunt, rescue); its scripted scenes are covered by the cutscene notice",8,1,6,0,0,1,0,0,0,0,0,1,1,0
U51,task,Micro,lovSPtackem,kutnohorsko,,Like Old Times,,qname_lov_s_ptackem_HGmC,mixed,U51,Like Old Times,,,online,a poaching hunt; census: 8 teleports,29,2,12,0,1,2,8,0,3,0,0,4,2,2
U52,task,Micro,havirskyTurnaj,kutnohorsko,,Popinjay Shoot,,qname_havirskyturnaj_I8cZ,mixed,U52,the Popinjay Shoot,,,online,an archery contest,13,1,8,0,0,0,2,0,0,0,0,2,3,0
U53,task,Micro,rozinaKniha,kutnohorsko,,Rosa's Book,,qname_rozinakniha_oauz,open,,,,,online,"open-world quest (guide: dialogue, fetch, hunt, rescue); its scripted scenes are covered by the cutscene notice",10,1,8,0,0,0,0,0,0,0,0,2,1,0
U54,task,Micro,azZaHrob,kutnohorsko,zlodejske_mikroquesty,Beyond the Grave,,qname_az_za_hrob_dsV1,open,,,,,online,"open-world quest (guide: dialogue, fetch, hunt, rescue); its scripted scenes are covered by the cutscene notice",8,1,6,0,0,0,0,0,0,0,0,0,1,0
U55,task,Micro,nemcuvPoklad,kutnohorsko,zlodejske_mikroquesty,The German's Treasure,,qname_nemcuvpoklad_83z1,open,,,,,online,"open-world quest (guide: dialogue, fetch, hunt, rescue); its scripted scenes are covered by the cutscene notice",4,0,4,0,0,0,0,0,0,0,0,0,0,0
U56,task,Micro,sanceProBerusku,kutnohorsko,fight_clubs/fightClubHorany,A Moment of Fame,,qname_sance_pro_berusku_t3jq,open,,,,,online,"open-world quest (guide: dialogue, fetch, hunt, rescue); its scripted scenes are covered by the cutscene notice",10,1,5,0,1,0,4,0,0,1,0,2,0,0
U61a,task,Micro,falesnaPosadka,kutnohorsko,,High Toll,,qname_falesnaposadka_YafN,open,,,,,online,"open-world quest (guide: dialogue, fetch, hunt, rescue); its scripted scenes are covered by the cutscene notice",9,1,7,0,1,0,0,0,0,0,0,2,1,1
U63a,task,Micro,proMistraZavet,kutnohorsko,,Last Will,,qname_pro_mistra_zavet_qIyF,open,,,,,online,"open-world quest (guide: dialogue, fetch, hunt, rescue); its scripted scenes are covered by the cutscene notice",19,1,16,0,2,0,0,0,1,0,0,8,1,1
U64,task,Micro,zatimcoTuSpis,kutnohorsko,,The Stalker,,qname_zatimcotuspis_QYWY,open,,,,,online,"open-world quest (guide: dialogue, fetch, hunt, rescue); its scripted scenes are covered by the cutscene notice",11,0,10,0,1,0,0,0,0,0,0,1,0,1
U65,task,Micro,nahlaseniTovarystva,kutnohorsko,,Civic Duty,,qname_nahlasenitovarystva_NBKz,open,,,,,online,"open-world quest (guide: dialogue, fetch, hunt, rescue); its scripted scenes are covered by the cutscene notice",16,0,16,0,0,0,0,0,0,0,0,0,0,0
U66,task,Micro,u66__andel_strazny,kutnohorsko,,Master Schindel's toys,,qname_u33__andel_strazny_c35A,open,,,,,online,"open-world quest (guide: dialogue, fetch, hunt, rescue); its scripted scenes are covered by the cutscene notice",1,0,1,0,0,0,0,0,0,0,0,0,0,0
U201,task,Side,rodinnaChlouba,kutnohorsko,legacy_of_the_forge,Martin's dream,Legacy of the Forge,qname_u201_rodinna_chlouba_v2Kr,mixed,U201,Martin's Dream,,,online,DLC: staged sequence (guide),20,2,13,0,1,0,2,0,1,0,0,2,2,1
U202,task,Side,ztracenyTovarys,kutnohorsko,legacy_of_the_forge,Old Plans,Legacy of the Forge,qname_u202_ztraceny_tovar_Li3u,open,,,,,online,"open-world quest (guide: dialogue, fetch, hunt, rescue); its scripted scenes are covered by the cutscene notice",21,0,19,0,2,0,0,0,1,0,0,3,0,1
U203,task,Side,vlasskaTransmise,kutnohorsko,legacy_of_the_forge,The Last Step,Legacy of the Forge,qname_vlasskatransmise_t9hX,mixed,U203,The Last Step,,,online,DLC: staged sequence (guide),42,1,27,0,0,0,5,0,2,0,0,9,3,0
U301,task,Micro,morovyOblek,klaster,klaster_hibernate_mode,Prevention,Mysteries of the Monastery,qname_morovyoblek_ptiD,open,,,,,online,"open-world quest (guide: dialogue, fetch, hunt, rescue); its scripted scenes are covered by the cutscene notice",2,0,1,0,0,0,0,0,0,0,0,0,0,0
U302,task,Micro,knihovnik,klaster,klaster_hibernate_mode,Foreseeing Evil,Mysteries of the Monastery,qname_knihovnik_EbLX,open,,,,,online,"open-world quest (guide: dialogue, fetch, hunt, rescue); its scripted scenes are covered by the cutscene notice",2,0,2,0,0,0,0,0,0,0,0,2,0,0
U303,task,Micro,zasobovani,klaster,klaster_hibernate_mode,Our Daily Bread,Mysteries of the Monastery,qname_zasobovani_gdaT,open,,,,,online,"open-world quest (guide: dialogue, fetch, hunt, rescue); its scripted scenes are covered by the cutscene notice",6,0,6,0,0,0,0,0,0,0,0,0,0,0
U304,task,Micro,staryMnich,klaster,klaster_hibernate_mode,The Last Wish,Mysteries of the Monastery,qname_starymnich_zxVB,open,,,,,online,"open-world quest (guide: dialogue, fetch, hunt, rescue); its scripted scenes are covered by the cutscene notice",9,1,8,0,0,0,0,0,0,0,0,4,1,0
U305,task,Micro,nemocnaDevecka,klaster,klaster_hibernate_mode/aktivity_a_situace_v_klasteru/osetrovna,Maddening Pain,Mysteries of the Monastery,qname_nemocnadevecka_wukb,open,,,,,online,"open-world quest (guide: dialogue, fetch, hunt, rescue); its scripted scenes are covered by the cutscene notice",10,0,8,0,0,0,1,0,0,0,0,2,0,0
